Customer ID,Customer Name,Total_Sales,Total_Profit,Total_Quantity,Avg_Discount,Num_Orders,Num_Categories
AA-10315,Alex Avila,5563.56,-362.8825000000002,30,0.09090909090909091,5,3
AA-10375,Allen Armold,1056.39,277.3824,41,0.08000000000000002,9,3
AA-10480,Andrew Allen,1790.512,435.82739999999995,36,0.016666666666666666,4,3
AA-10645,Anna Andreadi,5086.9349999999995,857.8032999999998,64,0.06388888888888888,6,3
AB-10015,Aaron Bergman,886.156,129.3465,13,0.06666666666666667,3,3
AB-10060,Adam Bellavance,7755.620000000001,2054.5885,56,0.044444444444444446,8,3
AB-10105,Adrian Barton,14473.570999999998,5444.8055,73,0.24,10,3
AB-10150,Aimee Bixby,966.71,313.6597,37,0.13333333333333333,5,3
AB-10165,Alan Barnes,1113.838,220.813,48,0.13571428571428573,8,3
AB-10255,Alejandro Ballentine,914.532,264.5675,39,0.1,9,3
AB-10600,Ann Blume,1515.862,-274.96040000000016,38,0.375,4,3
AC-10420,Alyssa Crouse,925.8000000000001,-62.13420000000007,17,0.32,3,2
AC-10450,Amy Cox,5527.846,1366.0097999999998,43,0.18888888888888888,7,2
AC-10615,Ann Chong,2537.6859999999997,298.82730000000004,59,0.1111111111111111,5,3
AC-10660,Anna Chung,657.316,-28.70040000000001,16,0.18333333333333335,5,3
AD-10180,Alan Dominguez,6106.88,1869.9293999999998,40,0.05833333333333333,8,3
AF-10870,Art Ferguson,2052.908,317.97120000000007,51,0.2,7,3
AF-10885,Art Foster,861.565,-163.1175,37,0.2571428571428572,4,3
AG-10270,Alejandro Grove,2582.8979999999997,732.7398999999998,58,0.014285714285714287,5,3
AG-10300,Aleksandra Gannaway,367.548,59.288399999999996,16,0.08,4,2
AG-10330,Alex Grayson,660.972,-5.137100000000007,47,0.23333333333333334,5,3
AG-10390,Allen Goldenen,200.945,69.2784,33,0.22499999999999998,5,2
AG-10495,Andrew Gjertsen,2356.855,295.6668000000001,93,0.20476190476190476,8,3
AG-10525,Andy Gerbode,1455.038,-152.76130000000006,33,0.15555555555555556,4,3
AG-10675,Anna Gayman,3489.0396,-246.4257000000001,54,0.16133333333333333,7,3
AG-10765,Anthony Garverick,170.584,-8.431000000000026,20,0.45999999999999996,4,1
AG-10900,Arthur Gainer,4510.7970000000005,343.68239999999986,92,0.16666666666666666,10,3
AH-10030,Aaron Hawkins,1744.7,365.2151999999999,54,0.09090909090909091,7,3
AH-10075,Adam Hart,3250.337,281.1889999999999,75,0.135,10,3
AH-10120,Adrian Hane,1735.5140000000001,-2.3146000000000413,65,0.23750000000000002,7,3
AH-10195,Alan Haines,1587.4520000000002,-378.5508999999999,28,0.35,4,2
AH-10210,Alan Hwang,4805.344,1308.5546,53,0.09230769230769233,9,2
AH-10465,Amy Hunt,2495.3916,-196.12010000000024,35,0.14,5,3
AH-10585,Angele Hood,738.504,83.96300000000002,17,0.12000000000000002,4,3
AH-10690,Anna Häberlin,7888.294,1298.0165999999995,102,0.21739130434782608,12,3
AI-10855,Arianne Irving,4375.786,867.7271000000001,72,0.07222222222222223,10,3
AJ-10780,Anthony Jacobs,4867.344,150.71299999999982,62,0.08666666666666667,7,3
AJ-10795,Anthony Johnson,4501.391,1158.7063999999998,88,0.08333333333333333,7,3
AJ-10945,Ashley Jarboe,1839.24,521.1351999999999,40,0.04,7,3
AJ-10960,Astrea Jones,629.2479999999999,60.42649999999998,22,0.04,3,1
AM-10360,Alice McCarthy,814.012,194.9878,48,0.125,5,3
AM-10705,Anne McFarland,5664.022,1085.7325999999998,81,0.06363636363636363,8,3
AO-10810,Anthony O'Donnell,161.28,12.095999999999997,2,0.2,1,1
AP-10720,Anne Pryor,1638.554,285.7887999999999,85,0.1631578947368421,8,3
AP-10915,Arthur Prichep,3323.5560000000005,579.3112999999998,102,0.09354838709677421,10,3
AR-10345,Alex Russell,1055.694,-221.0544000000001,18,0.26,4,3
AR-10405,Allen Rosenblatt,2236.1279999999997,-98.76459999999983,29,0.09999999999999999,5,3
AR-10510,Andrew Roberts,264.86400000000003,43.66949999999999,33,0.21428571428571427,5,2
AR-10540,Andy Reiter,6608.448,2884.6207999999997,33,0.06666666666666668,6,3
AR-10570,Anemone Ratner,88.15,32.632999999999996,6,0.0,1,2
AR-10825,Anthony Rawles,4523.336,494.8352,54,0.07692307692307693,8,3
AS-10045,Aaron Smayling,3050.692,-253.5746000000003,48,0.355,7,3
AS-10090,Adam Shillingsburg,3255.31,64.53739999999996,81,0.18,9,3
AS-10135,Adrian Shami,58.82,21.8496,9,0.06666666666666667,2,2
AS-10225,Alan Schoenberger,4260.784,719.7750999999998,41,0.06153846153846154,5,3
AS-10240,Alan Shonely,584.6080000000001,33.71579999999997,39,0.2692307692307692,7,2
AS-10285,Alejandro Savely,3214.236,354.6276,39,0.225,6,3
AS-10630,Ann Steele,833.398,136.49189999999996,34,0.18333333333333335,7,3
AT-10435,Alyssa Tate,1171.814,100.87679999999999,28,0.19999999999999998,6,3
AT-10735,Annie Thurman,3831.864,974.107,60,0.08750000000000001,10,3
AW-10840,Anthony Witt,649.3760000000001,65.77249999999998,24,0.2,4,3
AW-10930,Arthur Wiediger,2852.9680000000003,-104.54860000000016,68,0.30625,7,3
AY-10555,Andy Yotov,497.014,103.34989999999999,34,0.1,4,3
AZ-10750,Annie Zypern,1622.018,154.95029999999997,40,0.125,6,3
BB-10990,Barry Blumstein,744.34,11.58389999999996,26,0.2,5,2
BB-11545,Brenda Bowman,6765.728,1015.0749999999995,83,0.195,9,3
BC-11125,Becky Castell,2933.6760000000004,251.5974,60,0.1111111111111111,9,3
BD-11320,Bill Donatelli,5718.521000000001,1094.5036999999998,75,0.07894736842105263,12,3
BD-11500,Bradley Drucker,4411.243,1142.1225000000002,49,0.135,6,3
BD-11560,Brendan Dodson,320.54,116.714,11,0.0,2,2
BD-11605,Brian Dahlen,3288.471,634.8462999999999,74,0.0725,7,3
BD-11620,Brian DeCherney,1538.1100000000001,206.75689999999997,27,0.17500000000000002,6,3
BD-11635,Brian Derr,582.6460000000001,141.53399999999996,19,0.1,3,3
BD-11725,Bruce Degenhardt,1526.5,333.9791,29,0.02,6,2
BD-11770,Bryan Davis,658.466,141.26499999999996,21,0.12000000000000002,6,3
BE-11335,Bill Eplett,4204.676,1487.7739000000001,35,0.022222222222222223,5,3
BE-11410,Bobby Elias,2261.438,755.9150999999997,19,0.16,5,2
BE-11455,Brad Eason,1727.652,139.2007999999999,40,0.14615384615384613,6,3
BF-10975,Barbara Fisher,599.798,227.43839999999994,38,0.14615384615384613,7,2
BF-11005,Barry Franz,1333.88,-291.3811000000001,26,0.18,4,3
BF-11020,Barry Französisch,2888.5060000000003,302.02,78,0.2571428571428572,8,3
BF-11080,Bart Folk,272.95,110.92719999999998,29,0.0,3,1
BF-11170,Ben Ferrer,5907.972000000001,1538.2127,102,0.12222222222222222,11,3
BF-11215,Benjamin Farhat,1585.162,523.2133,48,0.05,4,3
BF-11275,Beth Fritzler,791.99,25.870199999999986,11,0.15000000000000002,3,3
BG-11035,Barry Gonzalez,2798.948,-711.4274,35,0.19166666666666665,8,3
BG-11695,Brooke Gillingham,1874.1719999999998,107.5714999999998,24,0.1375,6,3
BG-11740,Bruce Geld,1006.356,119.34789999999997,22,0.14285714285714285,6,3
BH-11710,Brosina Hoffman,6255.351000000001,802.7897999999999,97,0.18333333333333335,8,3
BK-11260,Berenike Kampe,659.138,-63.76440000000004,58,0.20625000000000002,6,3
BM-11140,Becky Martin,11789.63,-1659.958100000002,64,0.16875,4,3
BM-11575,Brendan Murry,808.162,95.58159999999998,22,0.18,6,3
BM-11650,Brian Moss,7294.185,2199.2780999999995,95,0.08448275862068966,11,3
BM-11785,Bryan Mills,1338.8419999999999,137.74389999999994,44,0.25,10,3
BN-11470,Brad Norvell,265.296,36.61309999999998,15,0.16666666666666666,4,2
BN-11515,Bradley Nguyen,1459.344,340.70539999999994,79,0.023529411764705882,5,2
BO-11350,Bill Overfelt,2682.728,278.777,43,0.2333333333333333,5,3
BO-11425,Bobby Odegard,130.83,59.45219999999999,7,0.0,2,1
BP-11050,Barry Pond,983.42,209.78300000000002,30,0.14285714285714285,5,2
BP-11095,Bart Pistole,2442.044,433.9750999999999,70,0.165,12,3
BP-11155,Becky Pak,1697.8609999999999,647.3847000000001,32,0.0818181818181818,6,3
BP-11185,Ben Peterman,3675.8610000000003,363.5990999999998,69,0.19444444444444445,9,3
BP-11230,Benjamin Patterson,1181.49,-197.2695,14,0.06666666666666667,5,3
BP-11290,Beth Paige,2475.157,-319.0637000000001,51,0.3,7,2
BS-11365,Bill Shonely,10501.653,2616.0643999999993,39,0.011111111111111112,5,3
BS-11380,Bill Stewart,3887.8340000000003,-17.532200000000017,58,0.27692307692307694,5,3
BS-11590,Brendan Sweed,2454.9280000000003,381.7807,41,0.3,6,3
BS-11665,Brian Stugart,3288.1100000000006,238.7367999999999,47,0.18181818181818182,3,3
BS-11755,Bruce Stewart,2562.382,-113.29840000000004,45,0.13214285714285715,7,3
BS-11800,Bryan Spruell,949.4300000000001,194.05159999999998,22,0.0,2,1
BT-11305,Beth Thompson,2567.656,417.59180000000003,33,0.044444444444444446,5,3
BT-11395,Bill Tyler,2186.6130000000003,257.91629999999986,38,0.15,6,3
BT-11440,Bobby Trafton,603.876,-77.52560000000001,16,0.15714285714285717,4,2
BT-11485,Brad Thomas,415.19599999999997,126.86939999999997,11,0.06666666666666667,2,2
BT-11530,Bradley Talbott,2684.492,409.4983,44,0.1,5,3
BT-11680,Brian Thompson,3196.752,447.74839999999983,88,0.07,7,3
BV-11245,Benjamin Venier,1523.2730000000001,315.2214,49,0.09285714285714285,5,3
BW-11065,Barry Weirich,385.516,-58.286599999999964,8,0.13333333333333333,3,2
BW-11110,Bart Watters,4750.358,921.2573999999995,74,0.1411764705882353,8,3
BW-11200,Ben Wallace,1738.406,246.99729999999997,49,0.15,6,3
CA-11965,Carol Adams,3789.7228,1143.3817000000001,29,0.11200000000000002,6,3
CA-12055,Cathy Armstrong,1679.7240000000002,211.25589999999994,49,0.3,5,3
CA-12265,Christina Anderson,2648.2872,279.61830000000003,65,0.18941176470588236,9,3
CA-12310,Christine Abelman,1421.954,246.02179999999998,25,0.11818181818181818,4,3
CA-12775,Cynthia Arntzen,3041.566,204.4895,72,0.18823529411764706,7,3
CB-12025,Cassandra Brandow,6076.139,150.20889999999943,122,0.16346153846153846,10,3
CB-12415,Christy Brittain,1949.1999999999998,272.3883,44,0.3333333333333333,8,3
CB-12535,Claudia Bergmann,4246.4555,1049.5600999999997,74,0.05,8,3
CC-12100,Chad Cunningham,1770.9450000000002,208.59119999999987,46,0.21538461538461537,6,3
CC-12145,Charles Crestani,2471.65,392.28249999999974,31,0.08181818181818182,7,3
CC-12220,Chris Cortes,3913.4179999999997,393.9617999999999,81,0.11818181818181818,12,3
CC-12370,Christopher Conant,12129.072,2177.0492999999988,34,0.2818181818181818,5,3
CC-12430,Chuck Clark,2870.05,424.65829999999977,63,0.05789473684210527,10,3
CC-12475,Cindy Chapman,1659.438,154.85099999999989,40,0.16153846153846155,9,3
CC-12550,Clay Cheatham,113.832,33.87060000000001,14,0.15000000000000002,3,2
CC-12610,Corey Catlett,2540.631,331.43399999999986,39,0.27499999999999997,7,3
CC-12670,Craig Carreira,2269.7015,187.83989999999986,47,0.16785714285714287,7,3
CC-12685,Craig Carroll,2854.1150000000002,850.1591000000001,51,0.25,4,2
CD-11920,Carlos Daly,2033.968,426.66100000000006,35,0.044444444444444446,5,3
CD-11980,Carol Darley,639.766,-206.71720000000013,22,0.43333333333333335,3,3
CD-12280,Christina DeMoss,1205.584,233.0274,39,0.08461538461538462,2,3
CD-12790,Cynthia Delaney,1860.732,403.8421999999999,49,0.02666666666666667,5,3
CG-12040,Catherine Glotzbach,904.4680000000001,86.51059999999997,37,0.18888888888888888,6,2
CG-12520,Claire Gute,1148.78,169.93439999999995,14,0.2,3,2
CH-12070,Cathy Hwang,1537.236,195.15109999999981,13,0.15000000000000002,3,2
CJ-11875,Carl Jackson,16.520000000000003,1.6519999999999992,5,0.2,1,1
CJ-12010,Caroline Jumper,11164.974,858.7413999999995,83,0.1885,8,3
CK-12205,Chloris Kastensmidt,3154.855,141.2831,122,0.234375,13,3
CK-12325,Christine Kargatis,2945.321,261.2208999999999,46,0.18333333333333335,5,3
CK-12595,Clytie Kelty,2372.75,497.7097999999999,108,0.184,11,3
CK-12760,Cyma Kinney,1582.109,-338.43110000000013,64,0.15,9,3
CL-11890,Carl Ludwig,1262.0140000000001,328.08470000000005,24,0.05714285714285715,4,3
CL-12565,Clay Ludtke,10880.546,1933.7830999999994,106,0.1142857142857143,12,3
CL-12700,Craig Leslie,2353.586,229.00989999999982,34,0.1875,5,3
CM-11815,Candace McMahon,1673.8880000000001,214.46299999999997,38,0.12000000000000002,6,3
CM-11935,Carlos Meador,565.3919999999999,-43.73239999999997,18,0.2,2,3
CM-12115,Chad McGuire,1661.6100000000001,409.0679,35,0.028571428571428574,4,3
CM-12160,Charles McCrossin,2533.314,-394.36860000000024,23,0.24285714285714285,6,3
CM-12190,Charlotte Melton,1475.144,91.20330000000001,21,0.07142857142857142,6,3
CM-12235,Chris McAfee,2305.712,365.03869999999995,28,0.07500000000000001,5,3
CM-12385,Christopher Martinez,8954.02,3899.8903999999998,34,0.12,4,3
CM-12445,Chuck Magee,287.99,64.4296,32,0.07777777777777778,3,2
CM-12655,Corinna Mitchell,6339.5576,1572.4585000000002,42,0.072,6,3
CM-12715,Craig Molinari,3984.4524,176.31079999999972,57,0.30923076923076925,4,3
CP-12085,Cathy Prescott,5402.253999999999,427.02580000000006,57,0.14285714285714285,8,3
CP-12340,Christine Phan,5888.275000000001,-1850.3029000000001,59,0.21333333333333335,8,3
CR-12580,Clay Rozendal,2148.852,74.40130000000002,32,0.13333333333333333,4,3
CR-12625,Corey Roper,475.9000000000001,144.75939999999997,14,0.0,3,2
CR-12730,Craig Reiter,1600.55,306.9175999999999,18,0.26666666666666666,4,2
CR-12820,Cyra Reiten,1397.8724,83.27029999999996,26,0.13142857142857142,3,3
CS-11845,Cari Sayre,1278.9540000000002,185.37759999999986,22,0.275,5,3
CS-11860,Cari Schnelling,537.6320000000001,105.82749999999999,16,0.2285714285714286,6,2
CS-11950,Carlos Soltero,3036.547,-126.42230000000013,68,0.2636363636363636,11,3
CS-12130,Chad Sievert,884.6400000000001,143.83389999999997,28,0.1142857142857143,4,3
CS-12175,Charles Sheldon,844.4580000000001,113.14049999999996,30,0.1625,5,2
CS-12250,Chris Selesnick,2754.216,738.3625999999999,97,0.05714285714285715,12,3
CS-12355,Christine Sundaresam,3202.1620000000003,831.9431999999999,74,0.08181818181818182,11,3
CS-12400,Christopher Schild,3651.8585000000003,-342.80330000000015,47,0.21428571428571427,9,3
CS-12460,Chuck Sachs,550.644,156.25929999999997,13,0.06666666666666667,2,3
CS-12490,Cindy Schnelling,1077.2285000000002,-302.8761000000001,33,0.25,4,3
CS-12505,Cindy Stewart,5690.055,-6626.389500000001,40,0.19999999999999998,6,2
CT-11995,Carol Triggs,3241.898,161.22629999999978,60,0.16111111111111112,8,3
CV-12295,Christina VanderZanden,2830.628,493.0861,54,0.07692307692307693,5,3
CV-12805,Cynthia Voltz,2370.3136,98.99749999999982,62,0.2431578947368421,9,3
CW-11905,Carl Weiss,1136.592,370.8298,40,0.09090909090909091,6,2
CY-12745,Craig Yedwab,2900.0260000000003,60.64669999999981,43,0.2,8,3
Co-12640,Corey-Lock,1300.076,205.62820000000002,30,0.175,5,3
DA-13450,Dianna Arnett,156.76,56.7904,27,0.125,4,3
DB-12910,Daniel Byrd,2171.599,431.3747999999999,47,0.15416666666666667,8,3
DB-12970,Darren Budd,2839.2272,213.00289999999984,43,0.16571428571428573,5,3
DB-13060,Dave Brooks,4531.646000000001,473.0272,48,0.1846153846153846,7,3
DB-13120,David Bremer,2973.094,-1421.7692000000002,59,0.14285714285714285,7,3
DB-13210,Dean Braden,2332.5769999999998,169.9679,75,0.18571428571428572,10,3
DB-13270,Deborah Brumfield,4655.897,841.8263999999999,52,0.2076923076923077,8,3
DB-13360,Dennis Bolton,1081.4660000000001,291.00849999999997,28,0.08333333333333333,5,3
DB-13405,Denny Blanton,1711.692,438.9091999999999,62,0.028571428571428574,4,3
DB-13555,Dorothy Badders,3908.8028,109.32699999999997,61,0.15142857142857144,7,3
DB-13615,Doug Bickford,1989.05,438.8012,41,0.14545454545454548,7,2
DB-13660,Duane Benoit,1155.202,177.6735,33,0.16,7,3
DC-12850,Dan Campbell,3336.1680000000006,-1441.6312999999998,64,0.21111111111111114,9,3
DC-13285,Debra Catini,1174.618,132.06820000000002,37,0.07857142857142858,5,3
DD-13570,Dorothy Dickinson,269.54200000000003,36.4344,33,0.24444444444444446,6,2
DE-13255,Deanra Eno,2550.874,464.47140000000013,38,0.1111111111111111,5,3
DF-13135,David Flashing,2390.534,-259.30969999999996,23,0.2833333333333334,3,3
DG-13300,Deirdre Greer,3195.818,562.7761,39,0.1,5,3
DH-13075,Dave Hallsten,4932.872,1193.7403999999997,81,0.0782608695652174,6,3
DH-13675,Duane Huffman,1043.096,116.667,41,0.12272727272727274,4,3
DJ-13420,Denny Joy,2012.52,483.03499999999997,20,0.0,4,2
DJ-13510,Don Jones,2501.688,345.2520999999999,52,0.06923076923076923,8,3
DJ-13630,Doug Jacobs,3356.3979999999997,731.5643999999999,43,0.0625,3,3
DK-12835,Damala Kotsonis,3256.48,881.1228,86,0.17777777777777778,12,3
DK-12895,Dana Kaydos,4282.176,937.6496,65,0.08000000000000002,5,3
DK-12985,Darren Koutras,1687.04,-107.35379999999995,32,0.1625,5,2
DK-13090,Dave Kipp,2650.557,536.3934999999999,33,0.13846153846153847,7,3
DK-13150,David Kendrick,797.832,249.9447,20,0.12000000000000002,2,2
DK-13225,Dean Katz,4802.394,209.89940000000013,70,0.19473684210526318,9,3
DK-13375,Dennis Kane,3318.486,377.07989999999995,77,0.10869565217391304,8,3
DL-12865,Dan Lawera,1503.112,322.2448999999999,51,0.15,8,3
DL-12925,Daniel Lacy,3272.2,4.213200000000029,43,0.03571428571428571,6,3
DL-13315,Delfina Latchford,1458.258,288.8732,74,0.1823529411764706,8,3
DL-13330,Denise Leinenbach,585.02,222.68120000000005,32,0.05,4,3
DL-13495,Dionis Lloyd,3539.322,-52.78800000000001,33,0.05000000000000001,8,3
DM-12955,Dario Medina,1322.034,108.75829999999999,28,0.16666666666666666,7,2
DM-13015,Darrin Martin,6345.103,1677.3931,87,0.22999999999999998,7,3
DM-13345,Denise Monton,4074.4720000000007,1319.0585999999998,41,0.1,8,3
DM-13525,Don Miller,1376.792,199.7688,33,0.16999999999999998,3,3
DN-13690,Duane Noonan,2139.79,540.5405,41,0.018181818181818184,7,3
DO-13435,Denny Ordway,1300.0315,-38.90859999999999,48,0.15769230769230771,9,3
DO-13645,Doug O'Connell,1267.316,294.06759999999997,36,0.09090909090909091,7,3
DP-13000,Darren Powers,1050.636,241.45239999999998,58,0.2117647058823529,9,3
DP-13105,Dave Poirier,2215.0020000000004,563.1761,63,0.1142857142857143,8,3
DP-13165,David Philippe,1058.616,-40.93760000000006,20,0.15000000000000002,2,3
DP-13390,Dennis Pardue,5480.724,1571.8317999999997,50,0.18571428571428572,9,2
DR-12880,Dan Reichenbach,6528.034000000001,1641.8612999999998,103,0.13333333333333333,9,3
DR-12940,Daniel Raglin,8350.868,2869.0759999999996,57,0.15384615384615383,8,3
DS-13030,Darrin Sayre,1762.213,193.33190000000002,54,0.1394736842105263,4,3
DS-13180,David Smith,2881.8128,163.69929999999994,68,0.15350000000000003,9,3
DV-13045,Darrin Van Huff,1119.4830000000002,-427.1840000000001,28,0.17222222222222222,5,3
DV-13465,Dianna Vittorini,3341.5870000000004,353.21269999999987,62,0.11333333333333334,6,2
DW-13195,David Wiener,1080.751,-86.87379999999997,39,0.24444444444444446,6,3
DW-13480,Dianna Wilson,5271.628000000001,1348.7555999999997,38,0.03636363636363637,5,3
DW-13540,Don Weiss,344.08000000000004,69.66720000000001,21,0.17777777777777778,5,2
DW-13585,Dorothy Wardle,1204.854,-266.89660000000003,44,0.17,7,3
Dl-13600,Dorris liebe,755.602,175.23879999999997,19,0.21666666666666667,5,2
Dp-13240,Dean percer,7198.7609999999995,333.36479999999983,99,0.18620689655172415,11,3
EA-14035,Erin Ashbrook,2846.705,-52.74060000000006,87,0.3,13,3
EB-13705,Ed Braxton,3644.978,13.621499999999905,55,0.25833333333333336,9,3
EB-13750,Edward Becker,3236.314,-80.286,91,0.145,10,3
EB-13840,Ellis Ballard,4358.128,656.1988,41,0.125,5,2
EB-13870,Emily Burns,2767.219,261.53149999999994,41,0.29090909090909095,10,3
EB-13930,Eric Barreto,944.6,0.6042000000000165,24,0.17142857142857143,5,3
EB-13975,Erica Bern,1643.255,162.8780999999999,18,0.2833333333333333,4,2
EB-14110,Eugene Barchas,3071.1259999999997,184.76559999999995,30,0.2090909090909091,6,3
EB-14170,Evan Bailliet,1186.326,282.17010000000005,20,0.2285714285714286,6,2
EC-14050,Erin Creighton,461.914,96.42559999999997,37,0.09999999999999999,5,3
ED-13885,Emily Ducich,3484.92,670.4434999999997,54,0.21428571428571427,8,3
EG-13900,Emily Grady,1832.02,104.26559999999994,44,0.2,5,3
EH-13765,Edward Hooks,10310.880000000001,1393.5153999999995,120,0.07187500000000001,12,2
EH-13945,Eric Hoffmann,684.171,53.539799999999964,72,0.29411764705882354,8,3
EH-13990,Erica Hackney,825.95,150.37590000000003,20,0.0625,6,3
EH-14005,Erica Hernandez,1219.5300000000002,-94.14079999999993,50,0.17272727272727273,7,3
EH-14125,Eugene Hildebrand,3082.6530000000002,96.27019999999993,76,0.20555555555555557,10,3
EH-14185,Evan Henry,923.8839999999999,242.11069999999995,22,0.28750000000000003,6,2
EJ-13720,Ed Jacobs,2162.174,387.0176,31,0.175,4,3
EJ-14155,Eva Jacobs,2656.691,451.8754999999999,31,0.0625,5,3
EK-13795,Eileen Kiefer,1303.478,97.10660000000001,18,0.0875,4,3
EL-13735,Ed Ludwig,124.28,27.115399999999994,9,0.0,2,2
EM-13810,Eleni McCrary,2567.01,-133.82750000000033,23,0.14285714285714285,5,3
EM-13825,Elizabeth Moffitt,2339.598,682.5541999999999,57,0.0625,8,3
EM-13960,Eric Murdock,933.7040000000001,102.29600000000002,18,0.2333333333333333,5,2
EM-14065,Erin Mull,228.99,40.154599999999995,22,0.25,4,3
EM-14095,Eudokia Martin,1041.0420000000001,240.23619999999994,34,0.1,4,2
EM-14140,Eugene Moren,4588.436,1319.3654999999999,74,0.06666666666666668,6,3
EM-14200,Evan Minnotte,366.822,21.77209999999996,13,0.125,3,3
EN-13780,Edward Nazzal,2199.366,496.1130999999999,27,0.044444444444444446,4,3
EP-13915,Emily Phan,5478.0608,144.9577999999999,124,0.19741935483870968,17,3
ER-13855,Elpida Rittenbach,1245.7880000000002,-295.7398000000002,27,0.2,3,2
ES-14020,Erica Smith,3510.458,1003.2935,31,0.125,5,3
ES-14080,Erin Smith,4657.924,246.66609999999991,77,0.26,9,3
FA-14230,Frank Atkinson,2984.054,520.5229,58,0.25882352941176473,7,3
FC-14245,Frank Carlisle,3418.742,1217.1662000000001,50,0.1357142857142857,7,3
FC-14335,Fred Chung,3889.366,714.2925999999999,37,0.16,7,3
FG-14260,Frank Gastineau,1383.144,394.73969999999997,48,0.11818181818181818,7,2
FH-14275,Frank Hawley,4256.272,1073.2676,65,0.1285714285714286,10,3
FH-14350,Fred Harton,2271.284,706.289,52,0.10714285714285714,4,3
FH-14365,Fred Hopkins,6987.196000000001,2050.2825999999995,52,0.13846153846153847,8,3
FM-14215,Filia McAdams,2456.638,249.68080000000003,48,0.09333333333333334,10,3
FM-14290,Frank Merwin,3736.1979999999994,198.10949999999985,79,0.18,9,2
FM-14380,Fred McMath,2523.266,191.4898,53,0.15714285714285717,9,3
FO-14305,Frank Olsen,2678.438,215.59689999999978,60,0.22,10,3
FP-14320,Frank Preis,4046.746,406.44729999999976,54,0.13571428571428573,8,3
FW-14395,Fred Wasserman,79.75,23.491300000000003,9,0.0,3,2
GA-14515,George Ashbrook,3919.7760000000003,840.8989999999998,48,0.0642857142857143,8,3
GA-14725,Guy Armstrong,1398.382,136.7079,79,0.17954545454545456,11,3
GB-14530,George Bell,1568.44,7.837099999999959,62,0.16999999999999998,11,3
GB-14575,Giulietta Baptist,4716.288,1135.8392999999999,63,0.037500000000000006,5,3
GD-14590,Giulietta Dortch,1888.07,230.93729999999994,25,0.13333333333333333,4,2
GG-14650,Greg Guthrie,2224.0,12.69849999999991,92,0.15,9,3
GH-14410,Gary Hansen,2819.467,-576.8335000000001,65,0.27058823529411763,9,3
GH-14425,Gary Hwang,4172.8460000000005,1176.4180999999999,51,0.19,4,3
GH-14485,Gene Hale,1361.2440000000004,-95.44980000000012,15,0.4666666666666666,2,2
GH-14665,Greg Hansen,146.9408,-5.810199999999995,9,0.24,2,2
GK-14620,Grace Kelly,6497.27,1448.5525000000002,66,0.15714285714285717,9,3
GM-14440,Gary McGarr,3582.8199999999997,347.2659999999999,43,0.11818181818181818,7,3
GM-14455,Gary Mitchum,3078.6240000000003,793.2813999999998,54,0.16666666666666666,6,3
GM-14500,Gene McClure,1255.682,441.3184999999999,53,0.11538461538461539,10,3
GM-14680,Greg Matthias,3163.628,35.48649999999999,31,0.14545454545454548,6,3
GM-14695,Greg Maxwell,6049.965999999999,188.7235,44,0.05454545454545456,3,3
GP-14740,Guy Phonely,236.53000000000003,31.837600000000002,21,0.13999999999999999,2,1
GR-14560,Georgia Rosenberg,1284.3799999999999,359.83320000000003,23,0.0,2,2
GT-14635,Grant Thornton,9351.212,-4108.6588999999985,26,0.25,3,3
GT-14710,Greg Tran,11820.12,2163.4268999999995,106,0.1,11,3
GT-14755,Guy Thornton,226.436,-6.139200000000022,23,0.2,4,2
GW-14605,Giulietta Weimer,2189.019,-268.54230000000007,43,0.15555555555555556,7,3
GZ-14470,Gary Zandusky,4355.15,1087.7539,48,0.07857142857142858,9,3
GZ-14545,George Zrebassa,2454.622,828.6610000000001,25,0.04,4,3
HA-14905,Helen Abelman,2163.3,270.8574000000001,45,0.22999999999999998,7,3
HA-14920,Helen Andreada,2584.158,99.14449999999988,72,0.2,8,3
HD-14785,Harold Dahlen,251.35999999999999,-135.8760000000001,31,0.3,3,1
HE-14800,Harold Engle,883.5319999999999,274.40279999999996,44,0.018181818181818184,4,3
HF-14995,Herbert Flentye,2533.164,-13.876800000000088,70,0.13157894736842105,7,3
HG-14845,Harry Greene,785.628,147.0032,31,0.19,5,2
HG-14965,Henry Goldwyn,3247.642,-2797.9635000000007,68,0.17058823529411765,12,3
HG-15025,Hunter Glantz,3690.284,804.6112999999999,38,0.17272727272727273,7,3
HH-15010,Hilary Holden,218.668,86.7342,20,0.03333333333333333,2,2
HJ-14875,Heather Jas,358.1,98.6548,21,0.10000000000000002,5,2
HK-14890,Heather Kirkland,4877.784,956.9451000000001,64,0.21333333333333335,8,3
HL-15040,Hunter Lopez,12873.297999999999,5622.4292000000005,50,0.018181818181818184,6,3
HM-14860,Harry Marie,8236.7648,2437.9836,76,0.231,10,3
HM-14980,Henry MacAllister,736.2760000000001,117.27550000000002,29,0.17142857142857146,4,3
HP-14815,Harold Pawlan,1990.3139999999999,373.8636999999998,44,0.3,7,3
HR-14770,Hallie Redmond,1299.288,185.5794,38,0.04615384615384616,5,3
HR-14830,Harold Ryan,5248.787,1196.9504,51,0.09999999999999999,7,3
HW-14935,Helen Wasserman,9300.254,2164.1611000000003,85,0.045,8,3
HZ-14950,Henia Zydlo,886.52,-130.38789999999995,21,0.19999999999999998,5,3
IG-15085,Ivan Gibson,744.5740000000001,320.4982,19,0.028571428571428574,4,1
IL-15100,Ivan Liston,5040.736000000001,1121.937,60,0.07142857142857142,7,3
IM-15055,Ionia McGrath,2872.6300000000006,975.7700999999998,19,0.1,3,3
IM-15070,Irene Maddox,4930.474,514.6527,93,0.16666666666666666,7,3
JA-15970,Joseph Airdo,6491.026000000001,-819.4217000000001,87,0.2125,8,3
JB-15400,Jennifer Braxton,1791.605,156.05319999999983,43,0.20625000000000002,10,3
JB-15925,Joni Blumstein,900.5520000000001,-286.98080000000004,32,0.3,3,3
JB-16000,Joy Bell-,644.1188,126.76489999999997,32,0.07428571428571429,7,2
JB-16045,Julia Barnett,2518.115,201.5185,32,0.1888888888888889,5,3
JC-15340,Jasper Cacioppo,71.263,-0.35560000000000036,12,0.22499999999999998,4,2
JC-15385,Jenna Caffey,1058.1080000000002,502.92440000000005,14,0.05,1,3
JC-15775,John Castell,2772.0550000000003,279.5692,64,0.12187500000000001,9,3
JC-16105,Julie Creighton,858.576,201.59519999999992,43,0.044444444444444446,5,3
JD-15790,John Dryer,2152.352,-266.5525,26,0.17142857142857146,5,3
JD-15895,Jonathan Doherty,7610.864,1050.2667999999999,150,0.075,11,3
JD-16015,Joy Daniels,385.43000000000006,26.760499999999983,39,0.3090909090909091,6,2
JD-16060,Julia Dunbar,695.442,111.11409999999998,17,0.049999999999999996,3,2
JD-16150,Justin Deggeller,8828.030499999999,1619.5198999999996,60,0.05588235294117647,8,3
JE-15475,Jeremy Ellison,1388.682,276.21969999999993,49,0.18461538461538465,6,3
JE-15610,Jim Epp,7754.976,1623.4018999999998,74,0.16,7,3
JE-15715,Joe Elijah,8697.843,1262.2925999999993,97,0.3227272727272727,10,3
JE-15745,Joel Eaton,6760.8150000000005,221.79670000000016,90,0.14565217391304347,13,3
JE-16165,Justin Ellison,2697.248,789.6475999999999,34,0.028571428571428574,3,3
JF-15190,Jamie Frazer,2279.5860000000002,575.1259,72,0.12105263157894736,7,3
JF-15295,Jason Fortune-,955.124,97.28899999999994,42,0.1142857142857143,5,3
JF-15355,Jay Fein,1911.844,330.199,58,0.07500000000000001,6,3
JF-15415,Jennifer Ferguson,2371.448,635.6375999999999,69,0.07142857142857142,6,3
JF-15490,Jeremy Farry,1082.9180000000001,-18.067299999999978,36,0.14666666666666667,11,3
JF-15565,Jill Fjeld,4198.332,1073.2087999999999,67,0.17500000000000002,8,3
JG-15115,Jack Garza,2358.676,684.1911,20,0.24285714285714288,3,3
JG-15160,James Galang,6366.392,1415.6663999999998,70,0.1111111111111111,11,3
JG-15310,Jason Gross,2240.58,3.7975999999999246,46,0.2545454545454545,6,2
JG-15805,John Grady,1507.018,206.10190000000003,46,0.06666666666666668,6,2
JH-15430,Jennifer Halladay,309.281,-24.077099999999998,29,0.31428571428571433,4,3
JH-15820,John Huston,528.91,26.082199999999997,29,0.15000000000000002,6,3
JH-15910,Jonathan Howell,959.477,-13.554500000000054,35,0.14444444444444446,7,3
JH-15985,Joseph Holt,7954.9980000000005,-644.6982000000003,64,0.08571428571428573,6,3
JH-16180,Justin Hirsh,2256.3940000000002,-96.95299999999999,28,0.22000000000000003,4,3
JJ-15445,Jennifer Jackson,709.178,200.55579999999998,25,0.06666666666666667,5,2
JJ-15760,Joel Jenkins,195.0,34.449200000000005,11,0.06666666666666667,2,2
JK-15205,Jamie Kunitz,4427.142,1219.9829999999997,67,0.13076923076923078,5,3
JK-15325,Jason Klamczynski,383.812,55.32770000000001,15,0.1,3,2
JK-15370,Jay Kimmel,2709.632,330.28379999999987,72,0.12352941176470589,8,3
JK-15625,Jim Karlsson,3760.028,750.9484999999999,44,0.11666666666666668,7,3
JK-15640,Jim Kriz,4760.434,1172.5303000000001,41,0.10000000000000002,9,2
JK-15730,Joe Kamberova,4867.2,55.048299999999976,88,0.3325,10,3
JK-16090,Juliana Krohn,3747.668,586.6624999999998,43,0.19999999999999998,3,3
JK-16120,Julie Kriz,2932.484,122.6566,49,0.20588235294117646,10,3
JL-15130,Jack Lebron,1214.956,-207.7956,42,0.26666666666666666,6,3
JL-15175,James Lanier,1571.5230000000001,209.28169999999983,29,0.21428571428571427,5,3
JL-15235,Janet Lee,2203.7000000000003,54.517399999999846,39,0.22000000000000003,5,3
JL-15505,Jeremy Lonsdale,3173.874,591.7163000000002,56,0.07058823529411766,6,3
JL-15835,John Lee,9799.923,228.9069999999995,143,0.08823529411764706,11,3
JL-15850,John Lucas,2725.256,779.9046,38,0.23636363636363636,6,3
JM-15250,Janet Martin,3159.122,19.823499999999967,91,0.2894736842105263,6,3
JM-15265,Janet Molinari,1804.146,502.61429999999996,52,0.13846153846153847,5,3
JM-15535,Jessica Myrick,1733.4430000000002,356.5394999999999,46,0.09,7,3
JM-15580,Jill Matthias,303.948,113.12039999999999,26,0.1142857142857143,5,2
JM-15655,Jim Mitchum,864.947,117.20399999999995,41,0.15833333333333335,5,3
JM-15865,John Murray,7625.076000000001,1574.6164,50,0.1846153846153846,7,3
JM-16195,Justin MacKendrick,2833.926,754.1143999999999,74,0.06315789473684212,10,3
JO-15145,Jack O'Briant,3254.949,581.4045,59,0.07307692307692308,9,3
JO-15280,Jas O'Carroll,1934.272,202.13619999999995,36,0.17272727272727273,6,3
JO-15550,Jesus Ocampo,1090.8380000000002,167.67089999999996,42,0.23636363636363636,5,2
JP-15460,Jennifer Patt,1669.135,429.7465000000001,54,0.14,7,3
JP-15520,Jeremy Pistek,3635.594,757.1801999999999,63,0.059375000000000004,7,3
JP-16135,Julie Prescott,1707.71,309.7116,47,0.15384615384615385,9,3
JR-15670,Jim Radford,1156.6580000000001,-785.1645000000002,14,0.3,2,2
JR-15700,Jocasta Rupert,863.8799999999999,107.98499999999996,3,0.2,1,1
JR-16210,Justin Ritter,2201.686,452.3729999999999,41,0.22000000000000003,5,3
JS-15595,Jill Stevenson,1417.654,-175.54899999999998,35,0.3125,4,3
JS-15685,Jim Sink,1131.064,-54.869200000000085,42,0.20909090909090908,4,3
JS-15880,John Stevenson,3868.02,564.9798,43,0.14666666666666667,5,3
JS-15940,Joni Sundaresam,469.16900000000004,-327.93359999999996,37,0.3375,5,2
JS-16030,Joy Smith,2516.494,-311.2575,70,0.18333333333333332,6,3
JW-15220,Jane Waco,7721.714,2173.7093999999997,66,0.07142857142857142,6,3
JW-15955,Joni Wasserman,1244.086,-29.575900000000004,41,0.08181818181818182,7,3
JW-16075,Julia West,1428.731,154.06369999999993,38,0.32857142857142857,4,1
KA-16525,Kelly Andreada,1519.506,234.91939999999997,57,0.05454545454545456,7,3
KB-16240,Karen Bern,3152.6150000000002,763.9075999999998,34,0.15,7,3
KB-16315,Karl Braun,1569.4640000000002,49.7192999999999,62,0.19545454545454544,9,3
KB-16405,Katrina Bavinger,908.821,274.29699999999997,25,0.044444444444444446,3,3
KB-16585,Ken Black,2744.742,579.3551,102,0.10869565217391304,12,3
KB-16600,Ken Brennan,983.9219999999999,293.55240000000003,29,0.2666666666666667,7,3
KC-16255,Karen Carlisle,2120.954,846.1217,40,0.02,6,2
KC-16540,Kelly Collister,3908.262,709.4218999999996,28,0.2,4,3
KC-16675,Kimberly Carter,1146.05,156.7797,40,0.08571428571428573,4,2
KD-16270,Karen Daniels,8282.358,1107.695199999999,64,0.1875,5,3
KD-16345,Katherine Ducich,1888.964,328.59419999999994,36,0.13,6,3
KD-16495,Keith Dawkins,8181.256,3038.6254,84,0.08750000000000001,12,3
KD-16615,Ken Dana,2243.51,539.7219,56,0.1076923076923077,5,2
KE-16420,Katrina Edelman,1686.7312,397.87989999999996,67,0.21466666666666667,8,3
KF-16285,Karen Ferguson,10604.266000000001,1660.1386,67,0.03333333333333334,7,3
KH-16330,Katharine Harms,3312.864,454.78709999999984,70,0.1388888888888889,8,3
KH-16360,Katherine Hughes,3100.612,528.2051,40,0.15,6,3
KH-16510,Keith Herrera,5952.859,656.1161999999999,91,0.10869565217391304,7,3
KH-16630,Ken Heidel,3918.9660000000003,727.3785999999999,84,0.10588235294117647,9,2
KH-16690,Kristen Hastings,5990.799000000001,1227.5091000000002,69,0.12666666666666665,7,2
KL-16555,Kelly Lampkin,5016.488,-182.78130000000013,84,0.29545454545454547,8,3
KL-16645,Ken Lonsdale,14175.229000000001,806.8549999999996,113,0.19999999999999998,12,3
KM-16225,Kalyca Meade,2260.958,635.1057,72,0.021052631578947368,6,3
KM-16375,Katherine Murray,5620.186,973.7902,69,0.13999999999999999,8,3
KM-16660,Khloe Miller,453.538,91.1391,30,0.044444444444444446,5,3
KM-16720,Kunst Miller,4909.472,745.7684999999997,98,0.08928571428571429,8,3
KN-16390,Katherine Nockton,2617.272,-151.15179999999992,56,0.21764705882352942,9,3
KN-16450,Kean Nguyen,2171.962,114.3082999999999,49,0.28125,5,3
KN-16705,Kristina Nunn,2280.58,329.7625,55,0.12000000000000001,8,3
KS-16300,Karen Seio,88.47200000000001,0.11099999999999888,10,0.275,3,2
KT-16465,Kean Takahito,3057.1,254.00319999999982,45,0.2285714285714286,7,3
KT-16480,Kean Thornton,4642.0884,194.06709999999998,37,0.14769230769230768,10,3
KW-16435,Katrina Willman,4416.5199999999995,1756.1349999999995,42,0.11000000000000001,5,3
KW-16570,Kelly Williams,449.096,107.92699999999999,22,0.04,4,3
LA-16780,Laura Armstrong,8673.222,2059.1199,105,0.11538461538461539,11,3
LB-16735,Larry Blacks,50.188,18.6507,12,0.26666666666666666,3,2
LB-16795,Laurel Beltran,4985.676,-52.19100000000021,76,0.23750000000000002,8,3
LC-16870,Lena Cacioppo,2580.704,-188.25110000000004,113,0.24000000000000002,8,3
LC-16885,Lena Creighton,7663.126,1288.3468999999998,93,0.1565217391304348,12,3
LC-16930,Linda Cazamias,4492.946,288.26600000000025,52,0.17142857142857143,8,3
LC-16960,Lindsay Castell,3246.626,299.4802000000001,30,0.2857142857142857,4,2
LC-17050,Liz Carlisle,2095.064,86.77799999999998,43,0.27222222222222225,5,3
LC-17140,Logan Currie,2633.582,231.12519999999998,62,0.18421052631578946,9,3
LD-16855,Lela Donovan,5.304,0.46409999999999996,3,0.2,1,1
LD-17005,Lisa DeCherney,1961.934,557.1714000000001,25,0.028571428571428574,4,3
LE-16810,Laurel Elliston,1469.45,161.7649,32,0.2555555555555556,6,3
LF-17185,Luke Foster,3930.508999999999,-3583.977000000001,69,0.31875,7,3
LH-16750,Larry Hughes,287.426,12.627700000000017,12,0.3666666666666667,3,2
LH-16900,Lena Hernandez,2295.332,526.0726999999999,64,0.12666666666666665,9,3
LH-17020,Lisa Hazard,318.23900000000003,-242.73989999999998,34,0.4666666666666666,4,3
LH-17155,Logan Haushalter,1739.689,316.52019999999993,44,0.07894736842105263,9,3
LL-16840,Lauren Leatherbury,2741.2039999999997,560.0077999999999,50,0.016666666666666666,6,3
LM-17065,Liz MacKendrick,1346.7740000000001,-44.878,32,0.05714285714285715,5,3
LO-17170,Lori Olson,644.35,150.1712,34,0.25555555555555554,5,3
LP-17080,Liz Pelletier,756.6059999999999,110.78129999999997,39,0.1111111111111111,4,2
LP-17095,Liz Preis,3653.399,338.44539999999984,52,0.18666666666666665,7,3
LR-16915,Lena Radford,5142.892,535.4763999999997,64,0.17500000000000002,6,3
LR-17035,Lisa Ryan,1879.306,-382.80790000000025,44,0.27499999999999997,5,3
LS-16945,Linda Southworth,2845.2700000000004,-318.7737000000002,51,0.3071428571428571,6,3
LS-16975,Lindsay Shagiari,2988.674,262.6366999999999,63,0.2818181818181818,9,3
LS-17200,Luke Schmidt,1010.2560000000001,244.19699999999997,54,0.2,6,2
LS-17230,Lycoris Saunders,368.88,39.19519999999998,16,0.11666666666666665,3,2
LS-17245,Lynn Smith,1008.1360000000001,348.3584,47,0.08333333333333333,6,3
LT-16765,Larry Tron,329.876,59.036,8,0.13333333333333333,3,2
LT-17110,Liz Thompson,2936.252,320.9729999999999,63,0.24642857142857144,8,3
LW-16825,Laurel Workman,2238.061,32.576699999999896,50,0.20666666666666667,5,3
LW-16990,Lindsay Williams,3230.308,662.8339,38,0.10909090909090911,6,3
LW-17125,Liz Willingham,1259.04,192.63119999999998,15,0.0,3,3
LW-17215,Luke Weiss,5420.514,837.2411000000002,59,0.16666666666666666,7,3
MA-17560,Matt Abelman,4299.161,1240.2266,117,0.09411764705882353,11,3
MA-17995,Michelle Arnett,2453.2840000000006,280.7822,42,0.041666666666666664,6,3
MB-17305,Maria Bertelson,1548.702,212.42499999999998,63,0.17368421052631577,10,3
MB-18085,Mick Brown,1428.2310000000002,117.80569999999997,39,0.2,7,3
MC-17275,Marc Crier,2725.982,461.0013999999998,54,0.13076923076923078,8,2
MC-17425,Mark Cousins,4432.138,1802.3903,48,0.12,5,3
MC-17575,Matt Collins,1303.893,210.74929999999992,40,0.29090909090909095,8,2
MC-17590,Matt Collister,2426.0669999999996,288.9841000000001,47,0.17058823529411765,6,3
MC-17605,Matt Connell,2258.192,195.44859999999989,60,0.2222222222222222,8,3
MC-17635,Matthew Clasen,795.154,-247.94350000000014,33,0.17500000000000002,4,2
MC-17845,Michael Chen,3805.714,698.4173999999998,45,0.09999999999999999,7,3
MC-18100,Mick Crebagga,2218.98,-64.16680000000007,73,0.26842105263157895,10,3
MC-18130,Mike Caudle,1581.9979999999998,121.75650000000007,34,0.05454545454545456,5,3
MD-17350,Maribeth Dona,3766.382,-241.94999999999993,64,0.32941176470588235,7,3
MD-17860,Michael Dominguez,1204.91,-4.040300000000045,45,0.2875,5,2
ME-17320,Maria Etezadi,10663.728000000001,1859.4694999999997,82,0.1318181818181818,10,3
ME-17725,Max Engle,1908.4532,77.81280000000001,46,0.2246153846153846,8,3
ME-18010,Michelle Ellison,1256.9440000000002,107.36039999999998,15,0.16666666666666666,4,2
MF-17665,Maureen Fritzler,937.0390000000001,-341.5265000000002,36,0.13749999999999998,5,2
MF-18250,Monica Federle,1758.3,456.8607999999999,38,0.06666666666666667,5,3
MG-17650,Matthew Grinstein,3785.276,341.8979999999999,57,0.1285714285714286,7,3
MG-17680,Maureen Gastineau,2350.188,25.8886,25,0.225,4,3
MG-17695,Maureen Gnade,1342.2820000000002,-398.7932000000001,23,0.2571428571428572,3,2
MG-17875,Michael Grace,1242.833,-470.7684000000002,23,0.24285714285714288,5,2
MG-17890,Michael Granlund,776.384,171.73719999999994,35,0.11923076923076924,9,3
MG-18145,Mike Gockenbach,3061.5429999999997,-93.6030000000001,42,0.1875,4,3
MG-18205,Mitch Gastineau,16.739000000000004,-1.2453000000000016,8,0.44999999999999996,1,2
MH-17290,Marc Harrigan,2394.025,28.761199999999995,55,0.18846153846153849,6,3
MH-17440,Mark Haberlin,400.01599999999996,61.428599999999996,25,0.07777777777777778,4,2
MH-17455,Mark Hamilton,2456.1820000000002,484.77329999999995,45,0.16363636363636364,8,3
MH-17620,Matt Hagelstein,1252.8000000000002,122.36120000000005,19,0.23333333333333336,4,3
MH-17785,Maya Herman,2203.7780000000002,238.56140000000008,42,0.07272727272727274,7,2
MH-18025,Michelle Huthwaite,2984.948,476.9032000000001,31,0.13,5,2
MH-18115,Mick Hernandez,5503.093,170.97459999999987,79,0.16818181818181818,9,3
MJ-17740,Max Jones,6320.746,1054.5528999999997,50,0.21333333333333335,7,2
MK-17905,Michael Kennedy,2302.368,-405.35589999999996,73,0.3,8,3
MK-18160,Mike Kennedy,1031.602,227.83379999999997,43,0.0818181818181818,4,2
ML-17395,Marina Lichtenstein,2722.843,684.9162,72,0.17250000000000001,9,3
ML-17410,Maris LaWare,2921.5,-76.1755,51,0.16666666666666666,6,3
ML-17755,Max Ludwig,2071.9139999999998,409.5111999999998,53,0.1076923076923077,7,3
ML-18040,Michelle Lonsdale,742.082,138.71620000000001,18,0.25,3,3
ML-18265,Muhammed Lee,162.232,42.6648,7,0.06666666666666667,2,2
MM-17260,Magdelene Morse,1314.0230000000001,178.40199999999987,17,0.13333333333333333,4,2
MM-17920,Michael Moore,3794.08,82.12499999999991,68,0.18125,11,3
MM-18055,Michelle Moray,2749.881,-520.3443000000001,73,0.21052631578947367,8,3
MM-18280,Muhammed MacIntyre,775.414,58.8916,32,0.14166666666666666,9,3
MN-17935,Michael Nguyen,2477.9460000000004,290.82270000000005,36,0.26,6,3
MO-17500,Mary O'Rourke,922.4870000000001,59.35769999999992,15,0.22000000000000003,4,3
MO-17800,Meg O'Connel,1687.027,169.34369999999996,49,0.16363636363636364,8,3
MO-17950,Michael Oakman,154.288,-82.00740000000002,14,0.35000000000000003,2,2
MP-17470,Mark Packer,3206.132,600.2872999999998,77,0.12142857142857144,7,3
MP-17965,Michael Paige,3983.6420000000003,638.1563,62,0.255,9,3
MP-18175,Mike Pelletier,5087.92,226.45289999999997,78,0.15526315789473685,9,3
MR-17545,Mathew Reese,639.178,162.93629999999996,29,0.20000000000000004,4,3
MS-17365,Maribeth Schnelling,7443.6900000000005,844.9354999999997,105,0.16041666666666668,10,3
MS-17530,MaryBeth Skach,475.65599999999995,84.02679999999997,21,0.15714285714285717,4,3
MS-17710,Maurice Satty,1613.402,247.43479999999994,48,0.22,6,3
MS-17770,Maxwell Schwartz,3144.678,280.85839999999996,73,0.09999999999999999,9,3
MS-17830,Melanie Seite,370.34799999999996,19.431200000000004,14,0.18,4,3
MS-17980,Michael Stewart,855.116,55.226000000000006,49,0.17272727272727273,6,3
MT-17815,Meg Tillman,2890.139,509.0068000000001,31,0.12999999999999998,6,3
MT-18070,Michelle Tran,1319.4497999999999,-23.676300000000012,44,0.2427272727272727,4,3
MV-17485,Mark Van Huff,1560.05,189.02579999999992,52,0.24000000000000002,9,2
MV-18190,Mike Vittorini,1734.574,273.85819999999995,37,0.08636363636363636,7,3
MW-18220,Mitch Webber,5341.900000000001,1238.422,51,0.07857142857142858,7,3
MW-18235,Mitch Willingham,5253.876,1665.5159999999998,13,0.06666666666666667,2,2
MY-17380,Maribeth Yedwab,2254.2850000000003,319.12109999999996,49,0.3076923076923077,7,3
MY-18295,Muhammed Yedwab,4152.696,-371.7111,89,0.2438095238095238,11,3
MZ-17335,Maria Zettner,593.606,85.01909999999997,11,0.06666666666666667,4,3
MZ-17515,Mary Zewe,2564.906,787.7503,39,0.27999999999999997,6,3
NB-18580,Nicole Brennan,273.87199999999996,24.788800000000002,7,0.1,2,2
NB-18655,Nona Balk,1972.599,117.64289999999988,64,0.1735294117647059,9,3
NC-18340,Nat Carroll,2461.404,580.3074999999999,54,0.0411764705882353,5,2
NC-18415,Nathan Cano,2218.99,-2204.8072,38,0.2642857142857143,6,3
NC-18535,Nick Crebassa,8241.739,1314.7579999999996,64,0.13666666666666666,7,3
NC-18625,Noah Childs,1821.7420000000002,-359.02100000000013,29,0.24444444444444446,5,3
ND-18370,Natalie DeCherney,4326.139,353.6454999999999,63,0.21111111111111114,9,3
ND-18460,Neil Ducich,2893.4550000000004,443.3367999999998,36,0.0875,6,3
NF-18385,Natalie Fritzler,8322.826000000001,-1695.9714000000006,52,0.25,7,3
NF-18475,Neil Französisch,377.16200000000003,85.92779999999999,13,0.25,4,2
NF-18595,Nicole Fjeld,2031.4720000000002,388.2130999999999,55,0.11666666666666668,7,2
NG-18355,Nat Gilpin,1869.58,313.6334999999999,45,0.08750000000000001,5,3
NG-18430,Nathan Gelder,1395.9379999999999,217.08929999999998,41,0.1111111111111111,5,2
NH-18610,Nicole Hansen,2673.29,760.1665999999998,52,0.05454545454545456,7,3
NK-18490,Neil Knudson,572.048,121.21769999999998,51,0.1272727272727273,7,2
NL-18310,Nancy Lomonaco,1418.0900000000001,343.63809999999995,44,0.06000000000000001,4,3
NM-18445,Nathan Mautz,6459.344,2751.6848999999997,44,0.042857142857142864,7,3
NM-18520,Neoma Murray,2161.979,788.9525,60,0.26,10,3
NP-18325,Naresj Patel,5529.62,1208.8890000000001,77,0.05714285714285715,6,3
NP-18670,Nora Paige,3908.402,514.6001999999999,46,0.02,5,3
NP-18685,Nora Pelletier,1228.698,514.5017,23,0.18571428571428572,6,3
NP-18700,Nora Preis,7903.1825,631.2281999999999,63,0.19615384615384618,7,3
NR-18550,Nick Radford,2367.277,-25.14880000000005,37,0.22307692307692306,5,3
NS-18505,Neola Schneider,2575.863,-12.304000000000006,52,0.20666666666666667,4,3
NS-18640,Noel Staavos,2964.823,-234.7714000000001,113,0.21538461538461537,13,3
NW-18400,Natalie Webber,7234.014,1023.1229999999998,78,0.21363636363636365,7,3
NZ-18565,Nick Zandusky,2488.31,402.4236000000001,77,0.175,9,3
ON-18715,Odella Nelson,1567.52,-5.889000000000095,58,0.16,9,3
OT-18730,Olvera Toch,3818.6240000000003,-925.1203000000002,51,0.15999999999999998,5,2
PA-19060,Pete Armstrong,729.408,225.85879999999995,27,0.1857142857142857,6,2
PB-18805,Patrick Bzostek,740.356,229.2257,54,0.12000000000000002,3,3
PB-19105,Peter Bühler,688.3240000000001,218.15969999999993,18,0.12000000000000002,4,2
PB-19150,Philip Brown,1456.95,280.66059999999993,54,0.1272727272727273,8,3
PB-19210,Phillip Breyer,132.738,21.897,10,0.1,2,2
PC-18745,Pamela Coakley,1832.064,272.6849999999999,22,0.22000000000000003,4,2
PC-19000,Pauline Chand,1061.488,-184.33640000000008,18,0.13333333333333333,2,2
PF-19120,Peter Fuller,9062.864000000001,-614.2943000000007,75,0.12105263157894738,4,3
PF-19165,Philip Fox,2770.0,196.87389999999976,34,0.05,6,3
PF-19225,Phillip Flathmann,2206.128,591.3118000000001,32,0.06000000000000001,5,3
PG-18820,Patrick Gardner,3086.907,137.46129999999988,83,0.16923076923076924,13,3
PG-18895,Paul Gonzalez,1987.1640000000002,334.5163,61,0.09411764705882353,9,3
PH-18790,Patricia Hirasaki,729.6480000000001,47.88779999999998,6,0.2,1,1
PJ-18835,Patrick Jones,1220.0900000000001,442.1355,46,0.07692307692307693,8,2
PJ-19015,Pauline Johnson,1824.2340000000002,682.9979000000001,25,0.08,7,3
PK-18910,Paul Knutson,1441.1520000000003,-798.7050000000003,14,0.3666666666666667,2,2
PK-19075,Pete Kriz,8646.934000000001,2038.2675999999997,107,0.07600000000000001,12,3
PL-18925,Paul Lucas,239.48100000000005,-0.7527000000000008,29,0.25,5,3
PM-18940,Paul MacIntyre,1405.402,157.87679999999992,16,0.15,3,2
PM-19135,Peter McVee,4115.662,526.7537000000002,36,0.1285714285714286,4,3
PN-18775,Parhena Norris,1467.152,192.03959999999998,47,0.12307692307692308,8,3
PO-18850,Patrick O'Brill,7473.828200000001,38.47569999999979,91,0.21,11,3
PO-18865,Patrick O'Donnell,2493.214,437.8533,54,0.04615384615384616,7,3
PO-19180,Philisse Overcash,4893.043,1155.4331,65,0.10555555555555557,9,3
PO-19195,Phillina Ober,1056.858,-49.70090000000004,32,0.19,5,3
PP-18955,Paul Prost,7252.608,1495.0853999999997,138,0.1088235294117647,10,3
PR-18880,Patrick Ryan,1840.178,247.6225999999999,43,0.11666666666666668,5,3
PS-18760,Pamela Stobb,2181.479,-134.44099999999992,75,0.22380952380952382,6,3
PS-18970,Paul Stevenson,1278.639,198.50989999999996,52,0.05384615384615384,8,2
PS-19045,Penelope Sewall,6843.634,1742.7296999999996,47,0.0846153846153846,7,3
PT-19090,Pete Takahito,160.572,-20.050800000000017,19,0.37142857142857144,4,2
PV-18985,Paul Van Hugh,2876.046,434.5284000000001,52,0.08461538461538462,5,3
PW-19030,Pauline Webber,3454.916,803.8168999999999,48,0.038461538461538464,10,3
PW-19240,Pierre Wener,3922.4150000000004,1290.354,39,0.1708333333333333,7,3
QJ-19255,Quincy Jones,6108.338,1203.6768000000002,61,0.12307692307692308,9,3
RA-19285,Ralph Arnett,2617.906,546.0881999999999,58,0.1647058823529412,9,3
RA-19885,Ruben Ausman,3832.3140000000003,1292.8656,53,0.04000000000000001,7,3
RA-19915,Russell Applegate,4793.543000000001,304.8672999999999,75,0.27954545454545454,9,3
RA-19945,Ryan Akin,1686.9225000000001,-445.6949999999999,27,0.31666666666666665,5,3
RB-19330,Randy Bradley,1008.1959999999999,-164.40619999999996,16,0.3166666666666667,2,3
RB-19360,Raymond Buch,15117.339,6976.095899999999,71,0.09444444444444444,6,3
RB-19435,Richard Bierner,2663.0860000000002,477.2399,66,0.1625,8,3
RB-19465,Rick Bensley,4715.466,640.5465999999999,85,0.13478260869565217,12,3
RB-19570,Rob Beeghly,528.546,76.8879,35,0.16666666666666666,5,3
RB-19645,Robert Barroso,221.084,72.67899999999999,29,0.14285714285714285,5,3
RB-19705,Roger Barcio,2067.45,243.07549999999986,22,0.1571428571428571,4,3
RB-19795,Ross Baird,5633.316000000001,-461.7332000000002,92,0.25,8,3
RC-19825,Roy Collins,966.409,63.9914,29,0.11000000000000001,6,3
RC-19960,Ryan Crowe,885.7520000000001,10.563299999999984,44,0.17272727272727273,6,3
RD-19480,Rick Duston,4272.93,480.5939999999999,60,0.10666666666666667,8,3
RD-19585,Rob Dowd,2912.8940000000002,734.5158,73,0.03157894736842106,10,3
RD-19660,Robert Dilbeck,2786.632,835.7719999999999,23,0.08,5,2
RD-19720,Roger Demir,1419.737,207.3304,78,0.1575,10,3
RD-19810,Ross DeVincentis,1137.616,318.4625,63,0.1875,8,3
RD-19900,Ruben Dartt,3133.924,455.5291999999999,85,0.05714285714285715,9,3
RD-19930,Russell D'Ascenzo,970.9420000000001,35.057400000000015,33,0.31,4,3
RE-19405,Ricardo Emerson,48.36,6.044999999999995,5,0.2,1,1
RE-19450,Richard Eichhorn,876.696,209.2294,47,0.13333333333333333,5,3
RF-19345,Randy Ferguson,3309.15,633.7072,67,0.1375,8,3
RF-19735,Roland Fjeld,2341.2960000000003,711.6168,53,0.014285714285714287,7,3
RF-19840,Roy Französisch,945.222,280.0261,45,0.0818181818181818,8,3
RH-19495,Rick Hansen,3621.3759999999997,563.7876999999999,38,0.1,5,3
RH-19510,Rick Huthwaite,6979.18,1289.4534999999994,43,0.03333333333333333,6,3
RH-19555,Ritsa Hightower,740.382,0.30569999999996256,11,0.5333333333333333,2,1
RH-19600,Rob Haberlin,2085.7400000000002,172.62609999999984,43,0.10909090909090909,3,3
RK-19300,Ralph Kennedy,1460.192,269.688,29,0.07500000000000001,3,3
RL-19615,Rob Lucas,6234.91,488.14839999999975,101,0.21875,8,3
RM-19375,Raymond Messe,1453.474,392.1499,29,0.044444444444444446,6,3
RM-19675,Robert Marley,5979.0960000000005,1902.5438,39,0.045454545454545456,5,3
RM-19750,Roland Murray,98.35,28.687899999999992,4,0.0,1,2
RO-19780,Rose O'Brian,3815.478,-1262.5715999999998,48,0.2916666666666667,7,3
RP-19270,Rachel Payne,954.6451999999999,59.53840000000004,47,0.19333333333333336,4,3
RP-19390,Resi Pölking,5153.084000000001,465.25030000000015,88,0.14800000000000002,12,3
RP-19855,Roy Phan,2170.716,594.5867999999999,61,0.13333333333333333,8,2
RR-19315,Ralph Ritter,615.932,-73.83499999999995,7,0.27499999999999997,2,2
RR-19525,Rick Reed,3302.262,721.6825999999999,36,0.06000000000000001,6,3
RS-19420,Ricardo Sperren,3221.29,633.4514,29,0.0,5,2
RS-19765,Roland Schwarz,4159.7699999999995,1206.3851,54,0.1142857142857143,8,3
RS-19870,Roy Skaria,22.328,9.5838,10,0.06666666666666667,2,1
RW-19540,Rick Wilson,7397.401,1586.6272999999999,89,0.13478260869565217,7,3
RW-19630,Rob Williams,3279.746,698.8324999999999,53,0.1375,9,3
RW-19690,Robert Waldorf,3495.646,707.5502999999998,61,0.07333333333333333,5,2
SA-20830,Sue Ann Reed,4767.3415,610.1495999999996,75,0.19285714285714284,10,3
SB-20170,Sarah Bern,1348.02,157.66579999999993,24,0.18571428571428572,3,2
SB-20185,Sarah Brown,6410.996,885.4623999999994,45,0.1416666666666667,6,3
SB-20290,Sean Braxton,8057.891,-2082.7451000000005,84,0.24117647058823527,7,3
SC-20020,Sam Craven,3362.9636,-317.0508000000001,62,0.21882352941176472,5,3
SC-20050,Sample Company A,4624.572,1011.7442999999997,61,0.18666666666666668,9,3
SC-20095,Sanjit Chand,14142.333999999999,5757.4119,87,0.06363636363636364,9,3
SC-20230,Scot Coram,4371.9580000000005,440.1409999999999,49,0.10909090909090911,4,3
SC-20260,Scott Cohen,3729.7929999999997,671.0033999999999,63,0.19722222222222222,8,3
SC-20305,Sean Christensen,3979.065,229.16170000000002,64,0.21666666666666667,7,3
SC-20380,Shahid Collister,5992.536,236.66149999999982,80,0.19,9,3
SC-20440,Shaun Chance,1874.998,379.5610999999998,44,0.27999999999999997,7,3
SC-20575,Sonia Cooley,902.7280000000001,100.22529999999995,30,0.34285714285714286,5,2
SC-20680,Steve Carroll,1254.64,370.1578,26,0.0,6,3
SC-20695,Steve Chapman,2576.408,611.8290999999998,66,0.15714285714285717,10,3
SC-20725,Steven Cartwright,5226.21,1276.6513,133,0.15000000000000002,11,3
SC-20770,Stewart Carmichael,4492.657,-671.1873999999999,75,0.30476190476190473,7,3
SC-20800,Stuart Calhoun,279.25600000000003,51.8252,11,0.12000000000000002,4,2
SC-20845,Sung Chung,280.632,31.175699999999985,13,0.2,2,2
SD-20485,Shirley Daniels,6121.114,1985.1672,82,0.10476190476190476,9,3
SE-20110,Sanjit Engle,12209.438000000002,2650.6768999999995,78,0.1105263157894737,11,3
SF-20065,Sandra Flanagan,763.5459999999999,228.1623,35,0.1,7,2
SF-20200,Sarah Foster,3422.7859999999996,286.90460000000013,74,0.12666666666666665,9,3
SF-20965,Sylvia Foulston,3336.5350000000003,539.9352,66,0.2705882352941177,9,3
SG-20080,Sandra Glassco,3406.581,570.4379999999999,30,0.06818181818181818,3,3
SG-20470,Sheri Gordon,1884.7979999999998,-119.01049999999998,62,0.15,8,3
SG-20605,Speros Goranitis,3124.832,463.26899999999995,49,0.09230769230769233,6,3
SG-20890,Susan Gilcrest,47.946,-3.7073000000000036,17,0.4,3,1
SH-19975,Sally Hughsby,3406.8395,558.4739999999999,113,0.13620689655172413,13,3
SH-20395,Shahid Hopkins,2180.718,-144.5229000000002,45,0.23333333333333334,10,3
SH-20635,Stefanie Holloman,2096.3920000000003,260.6258000000001,16,0.2,2,1
SJ-20125,Sanjit Jacobs,3949.656,144.1189,104,0.23333333333333336,12,3
SJ-20215,Sarah Jordon,1341.036,-23.51370000000003,35,0.37,6,3
SJ-20500,Shirley Jackson,1318.776,68.09629999999989,30,0.14285714285714285,5,3
SK-19990,Sally Knutson,883.409,168.79329999999996,19,0.22000000000000003,3,2
SL-20155,Sara Luxemburg,3053.012,527.9715,30,0.17777777777777778,7,3
SM-20005,Sally Matthias,244.494,-26.592699999999986,26,0.26666666666666666,4,2
SM-20320,Sean Miller,25043.05,-1980.7393000000022,50,0.24666666666666667,5,3
SM-20905,Susan MacKendrick,1043.0410000000002,-237.28850000000003,20,0.2833333333333333,1,3
SM-20950,Suzanne McNair,5563.392,581.5741999999999,94,0.1272727272727273,12,2
SN-20560,Skye Norling,1860.4179999999997,-716.8565000000001,67,0.1733333333333333,6,2
SN-20710,Steve Nguyen,3127.9592,481.74989999999997,89,0.1168421052631579,7,3
SO-20335,Sean O'Donnell,2602.5755,-81.08580000000003,52,0.1366666666666667,6,3
SP-20545,Sibella Parks,1306.086,-118.77570000000009,43,0.26,6,3
SP-20620,Stefania Perrino,5440.319,-270.4281999999996,77,0.25,9,3
SP-20650,Stephanie Phelps,1872.4360000000001,268.4781999999999,71,0.15333333333333332,9,3
SP-20860,Sung Pak,4282.9400000000005,566.7225999999997,80,0.20833333333333334,10,3
SP-20920,Susan Pistek,3990.689,14.692399999999838,57,0.2714285714285714,6,3
SR-20425,Sharelle Roach,3233.4810000000007,-3333.914400000001,34,0.36666666666666664,5,3
SR-20740,Steven Roelle,4345.8859999999995,1990.4243999999999,50,0.03333333333333333,8,3
SS-20140,Saphhira Shifley,1324.028,332.34869999999995,86,0.11428571428571428,8,3
SS-20410,Shahid Shariari,3056.807,-1010.9738000000004,46,0.25833333333333336,6,3
SS-20515,Shirley Schmidt,613.4,199.93449999999996,36,0.0,3,3
SS-20590,Sonia Sunley,418.49,135.5401,17,0.0,6,2
SS-20875,Sung Shariari,964.6360000000001,-75.58600000000008,39,0.24000000000000002,5,3
ST-20530,Shui Tom,433.34000000000003,84.44189999999998,33,0.20000000000000004,7,3
SU-20665,Stephanie Ulpright,2595.364,763.4719,61,0.13333333333333333,7,3
SV-20365,Seth Vernon,11470.95,1199.4242,109,0.15625,10,3
SV-20785,Stewart Visinsky,4105.305,485.0271999999998,91,0.184,9,3
SV-20815,Stuart Van,1271.0900000000001,199.6501999999999,24,0.19999999999999998,4,3
SV-20935,Susan Vittorini,1903.491,106.89120000000001,66,0.23076923076923078,8,3
SW-20245,Scot Wooten,1085.078,-19.60620000000001,33,0.25999999999999995,7,3
SW-20275,Scott Williamson,1966.65,332.8725,28,0.028571428571428574,6,3
SW-20350,Sean Wendt,1019.0440000000001,95.83829999999998,25,0.21666666666666667,3,2
SW-20455,Shaun Weien,2921.544,793.6547999999999,18,0.1111111111111111,7,3
SW-20755,Steven Ward,758.6959999999999,68.24159999999995,27,0.1,2,3
SZ-20035,Sam Zeldin,3625.329,366.43029999999993,69,0.22000000000000003,11,3
TA-21385,Tom Ashbrook,14595.62,4703.788299999999,36,0.07999999999999999,4,3
TB-21055,Ted Butterfield,1467.881,390.2113,66,0.05555555555555555,5,3
TB-21175,Thomas Boland,3589.296,829.1635000000001,36,0.09090909090909091,4,3
TB-21190,Thomas Brumley,816.1740000000001,179.00379999999998,23,0.025,4,2
TB-21250,Tim Brockman,1602.3760000000002,260.61549999999994,74,0.2473684210526316,7,3
TB-21280,Toby Braunhardt,2198.45,490.9566999999999,35,0.1,6,3
TB-21355,Todd Boyes,834.328,268.967,44,0.06153846153846154,5,3
TB-21400,Tom Boeckenhauer,9133.99,2798.3688999999995,55,0.07058823529411766,7,3
TB-21520,Tracy Blumstein,4737.486000000001,-1603.0451000000003,85,0.265,9,3
TB-21595,Troy Blackwell,1387.559,-136.4091,29,0.2714285714285714,5,3
TB-21625,Trudy Brown,2797.668,379.8819999999997,60,0.14,9,3
TC-20980,Tamara Chand,19052.217999999997,8981.3239,42,0.11666666666666665,5,2
TC-21145,Theresa Coyne,1038.26,265.5332,17,0.0,1,3
TC-21295,Toby Carlisle,4266.812,606.3727000000001,63,0.13125,8,3
TC-21475,Tony Chapman,1244.976,119.10399999999996,45,0.2636363636363636,9,3
TC-21535,Tracy Collins,742.5580000000001,217.93300000000002,28,0.11000000000000001,7,3
TD-20995,Tamara Dahlen,1434.548,88.18969999999999,67,0.24375000000000002,9,2
TG-21310,Toby Gnade,3058.3720000000003,682.1704,30,0.2111111111111111,5,3
TG-21640,Trudy Glocke,2074.661,365.7205000000001,50,0.13,4,3
TH-21100,Thea Hendricks,2422.824,-135.21250000000018,29,0.17142857142857146,5,3
TH-21115,Thea Hudgings,2942.772,-252.55389999999997,29,0.23333333333333334,4,3
TH-21235,Tiffany House,1022.2010000000001,92.72899999999998,40,0.2076923076923077,8,3
TH-21550,Tracy Hopkins,4234.0960000000005,-571.9678,44,0.06923076923076922,7,3
TM-21010,Tamara Manning,2955.2259999999997,573.3012999999999,67,0.05263157894736842,8,3
TM-21490,Tony Molinari,1094.6779999999999,292.521,12,0.05,3,3
TN-21040,Tanja Norvell,3130.221,-692.0452,48,0.19999999999999998,7,3
TP-21130,Theone Pippenger,4454.0560000000005,1129.1261,55,0.08750000000000001,9,3
TP-21415,Tom Prescott,5329.0048,-1087.3898000000002,39,0.462,5,3
TP-21565,Tracy Poddar,1936.6400000000003,139.2286999999999,48,0.24,4,3
TR-21325,Toby Ritter,675.9419999999999,220.36439999999996,22,0.028571428571428574,5,3
TS-21085,Thais Sissman,4.833000000000001,-3.3156,4,0.7,2,1
TS-21160,Theresa Swint,2163.624,260.8744,60,0.22352941176470587,6,3
TS-21205,Thomas Seio,5371.09,862.8877000000001,67,0.15789473684210525,7,3
TS-21340,Toby Swindell,974.782,-184.97889999999998,51,0.2833333333333333,5,2
TS-21370,Todd Sumrall,11891.751,2371.7144,59,0.11666666666666667,6,3
TS-21430,Tom Stivers,2054.14,48.70169999999998,31,0.15714285714285717,5,3
TS-21505,Tony Sayre,2243.274,11.377900000000011,54,0.19285714285714287,6,3
TS-21610,Troy Staebel,2820.424,-294.6981000000002,44,0.3727272727272727,7,2
TS-21655,Trudy Schmidt,3368.094,220.91629999999992,52,0.19285714285714287,5,3
TT-21070,Ted Trevino,4915.602,751.9567,66,0.1142857142857143,7,3
TT-21220,Thomas Thornton,1427.0439999999999,278.73709999999994,55,0.21333333333333335,8,3
TT-21265,Tim Taslimi,439.5,93.9162,8,0.0,3,1
TT-21460,Tonja Turnell,5364.808,1124.4998999999998,48,0.1285714285714286,7,3
TW-21025,Tamara Willingham,5278.826,737.3904999999997,57,0.10000000000000002,7,3
TZ-21580,Tracy Zic,1707.286,224.88869999999991,30,0.08888888888888889,4,3
VB-21745,Victoria Brennan,2005.596,371.23979999999995,37,0.16999999999999998,6,2
VD-21670,Valerie Dominguez,6442.254,1617.7874000000002,71,0.07500000000000001,6,3
VF-21715,Vicky Freymann,847.944,-96.27800000000002,35,0.06363636363636363,5,2
VG-21790,Vivek Gonzalez,846.01,143.6268,32,0.07500000000000001,6,3
VG-21805,Vivek Grady,427.372,-52.333,16,0.10000000000000002,5,2
VM-21685,Valerie Mitchum,2454.866,513.5269,37,0.10000000000000002,7,2
VM-21835,Vivian Mathis,380.69,116.63730000000001,25,0.11249999999999999,5,2
VP-21730,Victor Preis,993.902,205.38879999999995,18,0.04,3,2
VP-21760,Victoria Pisteka,3360.5260000000003,-1018.7768,65,0.17142857142857143,7,3
VS-21820,Vivek Sundaresam,1055.981,-262.80930000000006,38,0.475,4,3
VT-21700,Valerie Takahito,1736.596,-224.0889000000001,42,0.3333333333333333,2,3
VW-21775,Victoria Wilson,6134.0380000000005,-874.6645000000002,77,0.1611111111111111,10,3
WB-21850,William Brown,6160.102,714.3310999999997,146,0.2054054054054054,11,3
XP-21865,Xylona Preis,2374.658,621.23,100,0.04642857142857143,11,3
YC-21895,Yoseph Carroll,5454.35,1305.6290000000001,31,0.07500000000000001,5,3
YS-21880,Yana Sorensen,6720.444,1778.2922999999996,58,0.05000000000000001,8,3
ZC-21910,Zuschuss Carroll,8025.707,-1032.149000000001,105,0.25483870967741934,13,3
ZD-21925,Zuschuss Donatelli,1493.9440000000002,249.13069999999993,32,0.1111111111111111,5,3
